Stage name,Timestamp,CPU percentage,Memory Usage bytes,Memory limit bytes,Disk read bytes,Disk write bytes,Network received bytes,Network sent bytes
user generation,1763907972436,19.26,1315333734,16578573762,0,0,167,128
user generation,1763907999615,29.34,1323923668,16578573762,0,0,5263851,2401239
user generation,1763908026187,25.71,1330366119,16578573762,0,0,10590617,4771020
user generation,1763908052771,30.81,1336808570,16578573762,0,0,16148070,7256145
user generation,1763908079662,29.88,1340029796,16578573762,0,0,21810380,9783214
user generation,1763908106221,29.73,1345398505,16578573762,0,0,27472691,12268339
user generation,1763908132795,31.39,1349693472,16578573762,0,0,33135001,14784921
user generation,1763908159737,31.41,1355062181,16578573762,0,0,38797312,17301504
user generation,1763908186304,31.2,1359357149,16578573762,0,0,44459622,19818086
user generation,1763908212904,31.74,1362578374,16578573762,0,0,49912217,22334668
user generation,1763908239798,31.05,1365799600,16578573762,0,0,55155097,24641536
user generation,1763908266388,137.4,1462436364,16578573762,0,0,60922265,27053260
user generation,1763908292972,31.85,1467805073,16578573762,0,0,66270003,29464985
user generation,1763908319833,31.17,1469952557,16578573762,0,0,71722598,31876710
user generation,1763908346437,29.79,1473173782,16578573762,0,0,77070336,34288435
user generation,1763908373039,30.37,1482837458,16578573762,0,0,82522931,36700160
user generation,1763908399913,31.0,1500017328,16578573762,0,0,88604672,39321600
user generation,1763908426510,29.59,1515049713,16578573762,0,0,94581555,42047897
user generation,1763908453093,35.14,1529008357,16578573762,0,0,100243865,44564480
user generation,1763908479984,33.67,1540819517,16578573762,0,0,105906176,46871347
user generation,1763908506559,33.05,1550483193,16578573762,0,0,110100480,49073356
user generation,1763908533130,31.51,1551556935,16578573762,0,0,115343360,51380224
user generation,1763908560044,32.73,1555851902,16578573762,0,0,120586240,53582233
user generation,1763908586620,33.25,1559073128,16578573762,0,0,125829120,55784243
user generation,1763908613198,42.13,1561220612,16578573762,0,0,130023424,57986252
user generation,1763908640107,32.73,1564441837,16578573762,0,0,135266304,60188262
user generation,1763908666670,23.64,1567663063,16578573762,0,0,139460608,61970841
user generation,1763908693262,22.93,1571958030,16578573762,0,0,143654912,63543705
user generation,1763908720140,17.98,1576252997,16578573762,0,0,146800640,65116569
user generation,1763908746754,22.35,1578400481,16578573762,0,0,148897792,66374860
user generation,1763908773328,20.47,1580547964,16578573762,0,0,153092096,67947724
user generation,1763908800199,20.76,1581621706,16578573762,0,0,156237824,69415731
user generation,1763908826782,18.3,1583769190,16578573762,0,0,159383552,70988595
user generation,1763908853374,30.32,1585916674,16578573762,0,0,163577856,72771174
user generation,1763908880243,30.45,1591285383,16578573762,0,0,168820736,75182899
user generation,1763908906828,30.52,1594506608,16578573762,0,0,175112192,77594624
user generation,1763908933404,31.04,1597727834,16578573762,0,0,180355072,80111206
user generation,1763908960327,30.0,1600949059,16578573762,0,0,185597952,82627788
user generation,1763908986898,30.94,1606317768,16578573762,0,0,191889408,85144371
user generation,1763909013495,31.3,1613833961,16578573762,0,0,197132288,87660953
user generation,1763909040396,29.61,1617055186,16578573762,0,0,203423744,90282393
user generation,1763909066968,30.94,1621350154,16578573762,0,0,208666624,92798976
user generation,1763909093554,31.61,1624571379,16578573762,0,0,214958080,95315558
user generation,1763909120450,30.78,1627792605,16578573762,0,0,220200960,97936998
user generation,1763909147032,30.38,1631013830,16578573762,0,0,226492416,100453580
user generation,1763909173618,32.01,1635308797,16578573762,0,0,231735296,102970163
user generation,1763909200494,30.29,1638530023,16578573762,0,0,236978176,105906176
user generation,1763909227064,29.79,1642824990,16578573762,0,0,243269632,108003328
user generation,1763909253631,31.5,1646046216,16578573762,0,0,248512512,110100480
user generation,1763909280537,21.72,1649267441,16578573762,0,0,253755392,112197632
user generation,1763909307108,24.14,1652488667,16578573762,0,0,256901120,114294784
user generation,1763909333691,21.0,1660004859,16578573762,0,0,261095424,116391936
user generation,1763909360590,23.18,1662152343,16578573762,0,0,264241152,117440512
user generation,1763909387181,29.24,1665373569,16578573762,0,0,269484032,119537664
user generation,1763909413764,30.24,1669668536,16578573762,0,0,274726912,121634816
user generation,1763909440678,30.75,1672889761,16578573762,0,0,279969792,124780544
user generation,1763909467277,30.44,1677184729,16578573762,0,0,286261248,126877696
user generation,1763909493872,29.25,1680405954,16578573762,0,0,291504128,130023424
user generation,1763909520708,22.76,1683627180,16578573762,0,0,296747008,132120576
user generation,1763909547282,23.54,1685774663,16578573762,0,0,300941312,134217728
user generation,1763909573860,21.22,1687922147,16578573762,0,0,304087040,135266304
user generation,1763909600778,22.79,1690069630,16578573762,0,0,308281344,137363456
user generation,1763909627366,23.62,1692217114,16578573762,0,0,312475648,138412032
user generation,1763909653944,22.43,1695438340,16578573762,0,0,316669952,140509184
user generation,1763909680823,21.37,1697585823,16578573762,0,0,319815680,142606336
user generation,1763909707401,23.5,1699733307,16578573762,0,0,324009984,143654912
user generation,1763909733970,22.55,1701880791,16578573762,0,0,328204288,145752064
user generation,1763909760936,30.34,1705102016,16578573762,0,0,331350016,147849216
user generation,1763909787515,30.52,1708323241,16578573762,0,0,337641472,149946368
user generation,1763909814095,31.14,1712618209,16578573762,0,0,342884352,153092096
user generation,1763909840990,29.05,1714765692,16578573762,0,0,348127232,155189248
user generation,1763909867565,31.46,1719060660,16578573762,0,0,354418688,157286400
update 10 percent,1763909894126,96.06,1740535496,16578573762,0,0,356515840,179306496
update 10 percent,1763909921046,96.46,1739461754,16578573762,0,0,357564416,179306496
update 10 percent,1763909947609,96.58,1740535496,16578573762,0,0,357564416,179306496
update 10 percent,1763909974190,96.18,1739461754,16578573762,0,0,357564416,180355072
update 10 percent,1763910001126,95.44,1739461754,16578573762,0,0,358612992,180355072
update 10 percent,1763910027698,96.47,1738388013,16578573762,0,0,358612992,180355072
update 10 percent,1763910054268,96.42,1739461754,16578573762,0,0,359661568,180355072
update 10 percent,1763910081190,96.82,1737314271,16578573762,0,0,359661568,181403648
update 10 percent,1763910107768,95.96,1736240529,16578573762,0,0,360710144,181403648
update 10 percent,1763910134342,96.65,1736240529,16578573762,0,0,360710144,181403648
update 10 percent,1763910161242,95.72,1737314271,16578573762,0,0,360710144,181403648
update 10 percent,1763910187818,97.75,1737314271,16578573762,0,0,361758720,181403648
update 10 percent,1763910214382,96.19,1737314271,16578573762,0,0,361758720,182452224
update 10 percent,1763910241312,96.15,1737314271,16578573762,0,0,362807296,182452224
update 10 percent,1763910267888,96.29,1737314271,16578573762,0,0,362807296,182452224
update 10 percent,1763910294450,96.64,1737314271,16578573762,0,0,363855872,182452224
update 10 percent,1763910321385,96.21,1737314271,16578573762,0,0,363855872,182452224
update 10 percent,1763910347957,96.04,1737314271,16578573762,0,0,364904448,183500800
update 10 percent,1763910374537,97.31,1737314271,16578573762,0,0,364904448,183500800
update 10 percent,1763910401466,96.49,1737314271,16578573762,0,0,364904448,183500800
update 10 percent,1763910428037,96.59,1737314271,16578573762,0,0,365953024,183500800
update 10 percent,1763910454607,96.81,1737314271,16578573762,0,0,365953024,184549376
update 10 percent,1763910481510,95.89,1737314271,16578573762,0,0,367001600,184549376
update 10 percent,1763910508082,96.87,1738388013,16578573762,0,0,367001600,184549376
update 10 percent,1763910534657,96.48,1738388013,16578573762,0,0,368050176,184549376
update 10 percent,1763910561556,96.01,1738388013,16578573762,0,0,368050176,184549376
update 10 percent,1763910588118,96.74,1738388013,16578573762,0,0,368050176,185597952
update 10 percent,1763910614702,95.96,1737314271,16578573762,0,0,369098752,185597952
update 10 percent,1763910641641,96.92,1737314271,16578573762,0,0,369098752,185597952
update 10 percent,1763910668212,96.49,1738388013,16578573762,0,0,370147328,185597952
update 10 percent,1763910694791,96.18,1737314271,16578573762,0,0,370147328,185597952
update 10 percent,1763910721705,96.21,1737314271,16578573762,0,0,371195904,186646528
update 10 percent,1763910748281,96.72,1738388013,16578573762,0,0,371195904,186646528
update 10 percent,1763910774858,97.25,1738388013,16578573762,0,0,372244480,186646528
update 10 percent,1763910801769,95.78,1738388013,16578573762,0,0,372244480,186646528
update 10 percent,1763910828356,96.82,1739461754,16578573762,0,0,372244480,187695104
update 10 percent,1763910854942,95.96,1739461754,16578573762,0,0,373293056,187695104
update 10 percent,1763910881853,96.24,1739461754,16578573762,0,0,373293056,187695104
update 10 percent,1763910908432,97.57,1739461754,16578573762,0,0,374341632,187695104
update 10 percent,1763910935003,96.0,1739461754,16578573762,0,0,374341632,187695104
update 10 percent,1763910961930,95.99,1739461754,16578573762,0,0,375390208,188743680
update 10 percent,1763910988505,98.38,1740535496,16578573762,0,0,375390208,188743680
update 10 percent,1763911015068,96.24,1739461754,16578573762,0,0,375390208,188743680
update 10 percent,1763911041968,97.15,1739461754,16578573762,0,0,376438784,188743680
update 10 percent,1763911068547,97.48,1739461754,16578573762,0,0,376438784,188743680
update 10 percent,1763911095117,96.61,1739461754,16578573762,0,0,377487360,189792256
update 10 percent,1763911122019,96.07,1739461754,16578573762,0,0,377487360,189792256
update 10 percent,1763911148604,97.7,1739461754,16578573762,0,0,378535936,189792256
update 10 percent,1763911175182,96.35,1739461754,16578573762,0,0,378535936,189792256
update 10 percent,1763911202077,96.47,1739461754,16578573762,0,0,379584512,190840832
update 10 percent,1763911228650,97.98,1739461754,16578573762,0,0,379584512,190840832
update 10 percent,1763911255215,96.17,1739461754,16578573762,0,0,379584512,190840832
update 10 percent,1763911282146,95.8,1739461754,16578573762,0,0,380633088,190840832
update 10 percent,1763911308712,96.95,1739461754,16578573762,0,0,380633088,190840832
update 10 percent,1763911335281,96.47,1739461754,16578573762,0,0,381681664,191889408
update 10 percent,1763911362216,97.03,1739461754,16578573762,0,0,381681664,191889408
update 10 percent,1763911388790,98.83,1740535496,16578573762,0,0,382730240,191889408
update 10 percent,1763911415357,96.25,1740535496,16578573762,0,0,382730240,191889408
update 50 percent,1763911442263,96.06,1743756722,16578573762,0,0,393216000,207618048
update 50 percent,1763911468834,96.83,1743756722,16578573762,0,0,393216000,207618048
update 50 percent,1763911495413,96.96,1743756722,16578573762,0,0,394264576,208666624
update 50 percent,1763911522335,96.92,1743756722,16578573762,0,0,394264576,208666624
update 50 percent,1763911548906,96.8,1743756722,16578573762,0,0,394264576,208666624
update 50 percent,1763911575468,96.52,1743756722,16578573762,0,0,395313152,208666624
update 50 percent,1763911602404,96.42,1743756722,16578573762,0,0,395313152,209715200
update 50 percent,1763911628981,97.55,1744830464,16578573762,0,0,396361728,209715200
update 50 percent,1763911655561,96.76,1743756722,16578573762,0,0,396361728,209715200
update 50 percent,1763911682491,95.67,1743756722,16578573762,0,0,397410304,209715200
update 50 percent,1763911709065,96.78,1744830464,16578573762,0,0,397410304,209715200
update 50 percent,1763911735638,95.81,1744830464,16578573762,0,0,397410304,210763776
update 50 percent,1763911762507,96.36,1744830464,16578573762,0,0,398458880,210763776
update 50 percent,1763911789083,97.2,1745904205,16578573762,0,0,398458880,210763776
update 50 percent,1763911815645,97.04,1745904205,16578573762,0,0,399507456,210763776
update 50 percent,1763911842593,96.04,1745904205,16578573762,0,0,399507456,210763776
update 50 percent,1763911869157,98.2,1745904205,16578573762,0,0,400556032,211812352
update 50 percent,1763911895729,98.17,1745904205,16578573762,0,0,400556032,211812352
update 50 percent,1763911922653,96.15,1745904205,16578573762,0,0,401604608,211812352
update 50 percent,1763911949232,97.4,1745904205,16578573762,0,0,401604608,211812352
update 50 percent,1763911975810,96.89,1745904205,16578573762,0,0,401604608,212860928
update 50 percent,1763912002713,98.0,1746977947,16578573762,0,0,402653184,212860928
update 50 percent,1763912029289,96.91,1746977947,16578573762,0,0,402653184,212860928
update 50 percent,1763912055860,97.54,1746977947,16578573762,0,0,403701760,212860928
update 50 percent,1763912082772,96.97,1746977947,16578573762,0,0,403701760,212860928
update 50 percent,1763912109338,96.86,1746977947,16578573762,0,0,404750336,213909504
update 50 percent,1763912135901,97.77,1746977947,16578573762,0,0,404750336,213909504
update 50 percent,1763912162849,97.0,1746977947,16578573762,0,0,404750336,213909504
update 50 percent,1763912189412,96.67,1746977947,16578573762,0,0,405798912,213909504
update 50 percent,1763912215980,96.47,1746977947,16578573762,0,0,405798912,213909504
update 50 percent,1763912242914,96.01,1745904205,16578573762,0,0,406847488,214958080
update 50 percent,1763912269471,96.56,1745904205,16578573762,0,0,406847488,214958080
update 50 percent,1763912296043,96.11,1751272914,16578573762,0,0,407896064,214958080
update 50 percent,1763912322962,96.23,1751272914,16578573762,0,0,407896064,214958080
update 50 percent,1763912349527,97.19,1751272914,16578573762,0,0,408944640,216006656
update 50 percent,1763912376087,96.32,1751272914,16578573762,0,0,408944640,216006656
update 50 percent,1763912403064,96.24,1751272914,16578573762,0,0,408944640,216006656
update 50 percent,1763912429647,97.23,1750199173,16578573762,0,0,409993216,216006656
update 50 percent,1763912456217,96.14,1750199173,16578573762,0,0,409993216,216006656
update 50 percent,1763912483129,97.16,1750199173,16578573762,0,0,411041792,217055232
update 50 percent,1763912509697,97.1,1751272914,16578573762,0,0,411041792,217055232
update 50 percent,1763912536275,96.02,1751272914,16578573762,0,0,412090368,217055232
update 50 percent,1763912563211,96.26,1751272914,16578573762,0,0,412090368,217055232
update 50 percent,1763912589781,96.74,1751272914,16578573762,0,0,412090368,217055232
update 50 percent,1763912616343,96.43,1751272914,16578573762,0,0,413138944,218103808
update 50 percent,1763912643283,96.57,1751272914,16578573762,0,0,413138944,218103808
update 50 percent,1763912669860,97.07,1751272914,16578573762,0,0,414187520,218103808
update 50 percent,1763912696420,96.21,1751272914,16578573762,0,0,414187520,218103808
update 50 percent,1763912723316,96.43,1750199173,16578573762,0,0,415236096,219152384
update 50 percent,1763912749875,97.53,1750199173,16578573762,0,0,415236096,219152384
update 50 percent,1763912776434,97.78,1751272914,16578573762,0,0,415236096,219152384
update 50 percent,1763912803387,97.69,1751272914,16578573762,0,0,416284672,219152384
update 50 percent,1763912829953,96.45,1751272914,16578573762,0,0,416284672,219152384
update 50 percent,1763912856511,97.28,1750199173,16578573762,0,0,417333248,220200960
update 50 percent,1763912883477,95.82,1750199173,16578573762,0,0,417333248,220200960
update 50 percent,1763912910042,97.09,1751272914,16578573762,0,0,418381824,220200960
update 50 percent,1763912936619,97.31,1750199173,16578573762,0,0,418381824,220200960
update 50 percent,1763912963563,97.08,1751272914,16578573762,0,0,419430400,221249536
update 50 percent,1763912990141,96.63,1750199173,16578573762,0,0,419430400,221249536
update 50 percent,1763913016709,97.26,1751272914,16578573762,0,0,419430400,221249536
update 50 percent,1763913043623,97.64,1750199173,16578573762,0,0,420478976,221249536
update 50 percent,1763913070194,97.07,1750199173,16578573762,0,0,420478976,221249536
update 50 percent,1763913096765,96.03,1750199173,16578573762,0,0,421527552,222298112
update 50 percent,1763913123702,97.23,1751272914,16578573762,0,0,421527552,222298112
update 50 percent,1763913150279,96.05,1751272914,16578573762,0,0,422576128,222298112
update 50 percent,1763913176845,97.34,1751272914,16578573762,0,0,422576128,222298112
update 50 percent,1763913203742,96.56,1751272914,16578573762,0,0,422576128,222298112
update 50 percent,1763913230312,96.7,1751272914,16578573762,0,0,423624704,223346688
update 50 percent,1763913256895,96.56,1751272914,16578573762,0,0,423624704,223346688
update 50 percent,1763913283822,96.49,1751272914,16578573762,0,0,424673280,223346688
update 50 percent,1763913310402,97.97,1751272914,16578573762,0,0,424673280,223346688
update 50 percent,1763913336987,95.86,1751272914,16578573762,0,0,425721856,224395264
update 50 percent,1763913363880,96.64,1751272914,16578573762,0,0,425721856,224395264
update 50 percent,1763913390451,95.56,1751272914,16578573762,0,0,426770432,224395264
update 50 percent,1763913417023,96.23,1751272914,16578573762,0,0,426770432,224395264
update 50 percent,1763913443962,96.51,1751272914,16578573762,0,0,426770432,224395264
update 50 percent,1763913470529,96.3,1751272914,16578573762,0,0,427819008,225443840
update 50 percent,1763913497104,97.48,1750199173,16578573762,0,0,427819008,225443840
update 50 percent,1763913524011,97.23,1750199173,16578573762,0,0,428867584,225443840
update 50 percent,1763913550572,96.35,1750199173,16578573762,0,0,428867584,225443840
update 50 percent,1763913577143,95.99,1750199173,16578573762,0,0,429916160,225443840
update 50 percent,1763913604054,96.64,1750199173,16578573762,0,0,429916160,226492416
update 50 percent,1763913630613,96.2,1750199173,16578573762,0,0,429916160,226492416
update 50 percent,1763913657191,96.68,1750199173,16578573762,0,0,430964736,226492416
update 50 percent,1763913684122,97.6,1750199173,16578573762,0,0,430964736,226492416
update 50 percent,1763913710692,97.46,1750199173,16578573762,0,0,432013312,227540992
update 50 percent,1763913737265,97.49,1750199173,16578573762,0,0,432013312,227540992
update 50 percent,1763913764189,96.95,1750199173,16578573762,0,0,433061888,227540992
update 50 percent,1763913790764,97.14,1750199173,16578573762,0,0,433061888,227540992
update 50 percent,1763913817340,96.44,1750199173,16578573762,0,0,433061888,227540992
update 50 percent,1763913844239,95.89,1750199173,16578573762,0,0,434110464,228589568
update 50 percent,1763913870812,96.73,1750199173,16578573762,0,0,434110464,228589568
update 50 percent,1763913897390,96.58,1750199173,16578573762,0,0,435159040,228589568
update 50 percent,1763913924297,96.46,1750199173,16578573762,0,0,435159040,228589568
update 50 percent,1763913950872,96.28,1750199173,16578573762,0,0,436207616,228589568
update 50 percent,1763913977453,96.22,1750199173,16578573762,0,0,436207616,229638144
update 50 percent,1763914004372,96.36,1750199173,16578573762,0,0,437256192,229638144
update 50 percent,1763914030932,96.84,1750199173,16578573762,0,0,437256192,229638144
update 50 percent,1763914057500,97.06,1750199173,16578573762,0,0,437256192,229638144
update 50 percent,1763914084435,96.94,1750199173,16578573762,0,0,438304768,230686720
update 50 percent,1763914111009,97.45,1750199173,16578573762,0,0,438304768,230686720
update 50 percent,1763914137578,95.58,1751272914,16578573762,0,0,439353344,230686720
update 50 percent,1763914164473,96.21,1751272914,16578573762,0,0,439353344,230686720
update 50 percent,1763914191045,96.04,1751272914,16578573762,0,0,440401920,230686720
update 50 percent,1763914217623,96.37,1750199173,16578573762,0,0,440401920,231735296
update 50 percent,1763914244529,96.51,1750199173,16578573762,0,0,440401920,231735296
update 50 percent,1763914271090,97.51,1751272914,16578573762,0,0,441450496,231735296
update 50 percent,1763914297667,97.05,1751272914,16578573762,0,0,441450496,231735296
update 50 percent,1763914324588,97.27,1751272914,16578573762,0,0,442499072,231735296
update 50 percent,1763914351156,96.22,1751272914,16578573762,0,0,442499072,232783872
update 50 percent,1763914377721,96.26,1750199173,16578573762,0,0,443547648,232783872
update 50 percent,1763914404660,95.63,1750199173,16578573762,0,0,443547648,232783872
update 50 percent,1763914431240,96.36,1750199173,16578573762,0,0,444596224,232783872
update 50 percent,1763914457814,96.16,1749125431,16578573762,0,0,444596224,233832448
update 50 percent,1763914484714,96.37,1749125431,16578573762,0,0,444596224,233832448
update 50 percent,1763914511292,97.9,1749125431,16578573762,0,0,445644800,233832448
update 50 percent,1763914537870,96.26,1749125431,16578573762,0,0,445644800,233832448
update 50 percent,1763914564784,97.54,1750199173,16578573762,0,0,446693376,233832448
update 50 percent,1763914591348,95.93,1750199173,16578573762,0,0,446693376,234881024
update 50 percent,1763914617925,97.87,1750199173,16578573762,0,0,447741952,234881024
update 50 percent,1763914644852,95.68,1749125431,16578573762,0,0,447741952,234881024
update 50 percent,1763914671429,96.87,1749125431,16578573762,0,0,447741952,234881024
update 50 percent,1763914698001,96.55,1750199173,16578573762,0,0,448790528,235929600
update 50 percent,1763914724943,96.79,1750199173,16578573762,0,0,448790528,235929600
update 50 percent,1763914751517,97.09,1750199173,16578573762,0,0,449839104,235929600
update 50 percent,1763914778081,96.31,1749125431,16578573762,0,0,449839104,235929600
update 50 percent,1763914805023,97.68,1750199173,16578573762,0,0,450887680,235929600
update 50 percent,1763914831604,96.7,1749125431,16578573762,0,0,450887680,236978176
update 50 percent,1763914858202,97.18,1749125431,16578573762,0,0,450887680,236978176
update 50 percent,1763914885434,97.36,1749125431,16578573762,0,0,451936256,236978176
update 50 percent,1763914912007,97.32,1749125431,16578573762,0,0,451936256,236978176
update 50 percent,1763914938568,97.05,1749125431,16578573762,0,0,452984832,236978176
update 50 percent,1763914965502,96.39,1749125431,16578573762,0,0,452984832,238026752
update 50 percent,1763914992061,95.82,1749125431,16578573762,0,0,454033408,238026752
update 50 percent,1763915018622,96.99,1750199173,16578573762,0,0,454033408,238026752
update 50 percent,1763915045584,97.2,1750199173,16578573762,0,0,454033408,238026752
update 50 percent,1763915072154,96.33,1750199173,16578573762,0,0,455081984,238026752
update 50 percent,1763915098725,96.2,1750199173,16578573762,0,0,455081984,239075328
update 50 percent,1763915125663,96.72,1750199173,16578573762,0,0,456130560,239075328
update 50 percent,1763915152234,96.48,1749125431,16578573762,0,0,456130560,239075328
update 50 percent,1763915178804,96.95,1750199173,16578573762,0,0,457179136,239075328
update 50 percent,1763915205717,95.92,1750199173,16578573762,0,0,457179136,240123904
update 50 percent,1763915232303,96.96,1750199173,16578573762,0,0,458227712,240123904
update 50 percent,1763915258876,96.18,1750199173,16578573762,0,0,458227712,240123904
update 50 percent,1763915285807,96.66,1749125431,16578573762,0,0,458227712,240123904
update 50 percent,1763915312384,96.65,1749125431,16578573762,0,0,459276288,240123904
update 50 percent,1763915338955,96.62,1749125431,16578573762,0,0,459276288,241172480
update 50 percent,1763915365883,95.38,1749125431,16578573762,0,0,460324864,241172480
update 50 percent,1763915392451,96.45,1749125431,16578573762,0,0,460324864,241172480
update 50 percent,1763915419030,96.94,1750199173,16578573762,0,0,461373440,241172480
update 50 percent,1763915445961,96.04,1749125431,16578573762,0,0,461373440,242221056
update 50 percent,1763915472533,96.85,1750199173,16578573762,0,0,461373440,242221056
update 50 percent,1763915499115,97.73,1750199173,16578573762,0,0,462422016,242221056
update 50 percent,1763915526039,96.14,1750199173,16578573762,0,0,462422016,242221056
update 50 percent,1763915552613,97.43,1750199173,16578573762,0,0,463470592,242221056
update 50 percent,1763915579197,97.13,1750199173,16578573762,0,0,463470592,243269632
update 50 percent,1763915606114,96.31,1750199173,16578573762,0,0,464519168,243269632
update 50 percent,1763915632688,96.26,1750199173,16578573762,0,0,464519168,243269632
update 50 percent,1763915659258,96.38,1750199173,16578573762,0,0,465567744,243269632
update 50 percent,1763915686191,96.14,1750199173,16578573762,0,0,465567744,243269632
update 50 percent,1763915712779,96.87,1750199173,16578573762,0,0,465567744,244318208
update 50 percent,1763915739342,96.38,1750199173,16578573762,0,0,466616320,244318208
update 50 percent,1763915766262,97.44,1750199173,16578573762,0,0,466616320,244318208
update 50 percent,1763915792834,96.8,1750199173,16578573762,0,0,467664896,244318208
update 50 percent,1763915819405,96.26,1750199173,16578573762,0,0,467664896,245366784
update 50 percent,1763915846334,95.96,1750199173,16578573762,0,0,468713472,245366784
update 50 percent,1763915872905,96.42,1750199173,16578573762,0,0,468713472,245366784
update 50 percent,1763915899493,95.63,1751272914,16578573762,0,0,468713472,245366784
update 50 percent,1763915926392,96.42,1751272914,16578573762,0,0,469762048,245366784
update 50 percent,1763915952953,97.16,1751272914,16578573762,0,0,469762048,246415360
update 50 percent,1763915979519,96.41,1751272914,16578573762,0,0,470810624,246415360
update 50 percent,1763916006452,96.52,1751272914,16578573762,0,0,470810624,246415360
update 50 percent,1763916033021,96.94,1751272914,16578573762,0,0,471859200,246415360
update 50 percent,1763916059582,96.91,1751272914,16578573762,0,0,471859200,246415360
update 50 percent,1763916086505,95.54,1751272914,16578573762,0,0,471859200,247463936
update 50 percent,1763916113074,96.98,1751272914,16578573762,0,0,472907776,247463936
update 50 percent,1763916139632,96.51,1751272914,16578573762,0,0,472907776,247463936
update 50 percent,1763916166574,96.97,1751272914,16578573762,0,0,473956352,247463936
update 50 percent,1763916193147,96.54,1751272914,16578573762,0,0,473956352,248512512
update 50 percent,1763916219719,96.72,1751272914,16578573762,0,0,475004928,248512512
update 50 percent,1763916246617,96.34,1751272914,16578573762,0,0,475004928,248512512
update 50 percent,1763916273209,96.91,1751272914,16578573762,0,0,476053504,248512512
update 50 percent,1763916299801,96.33,1751272914,16578573762,0,0,476053504,248512512
update 50 percent,1763916326672,96.95,1751272914,16578573762,0,0,476053504,249561088
update 50 percent,1763916353266,97.14,1751272914,16578573762,0,0,477102080,249561088
update 50 percent,1763916379859,96.69,1751272914,16578573762,0,0,477102080,249561088
update 50 percent,1763916406773,96.06,1751272914,16578573762,0,0,478150656,249561088
update 50 percent,1763916433349,96.51,1751272914,16578573762,0,0,478150656,249561088
update 50 percent,1763916459913,96.68,1751272914,16578573762,0,0,478150656,250609664
update 50 percent,1763916486817,96.77,1751272914,16578573762,0,0,479199232,250609664
update 50 percent,1763916513386,97.02,1751272914,16578573762,0,0,479199232,250609664
update 50 percent,1763916539956,96.0,1751272914,16578573762,0,0,480247808,250609664
update 50 percent,1763916566880,96.65,1751272914,16578573762,0,0,480247808,251658240
update 50 percent,1763916593452,96.91,1751272914,16578573762,0,0,481296384,251658240
update 50 percent,1763916620022,97.27,1751272914,16578573762,0,0,481296384,251658240
update 50 percent,1763916646955,95.5,1751272914,16578573762,0,0,482344960,251658240
update 50 percent,1763916673529,97.33,1751272914,16578573762,0,0,482344960,251658240
update 50 percent,1763916700109,96.31,1751272914,16578573762,0,0,482344960,252706816
update 50 percent,1763916727028,96.39,1751272914,16578573762,0,0,483393536,252706816
update 50 percent,1763916753589,96.51,1751272914,16578573762,0,0,483393536,252706816
update 50 percent,1763916780153,96.52,1751272914,16578573762,0,0,484442112,252706816
update 50 percent,1763916806711,95.83,1752346656,16578573762,0,0,484442112,252706816
update 50 percent,1763916833278,95.78,1751272914,16578573762,0,0,485490688,253755392
update 50 percent,1763916859841,96.43,1751272914,16578573762,0,0,485490688,253755392
update 50 percent,1763916886406,96.83,1751272914,16578573762,0,0,485490688,253755392
update 50 percent,1763916912970,97.25,1751272914,16578573762,0,0,486539264,253755392
update 50 percent,1763916939536,97.16,1751272914,16578573762,0,0,486539264,254803968
update 50 percent,1763916966113,97.34,1751272914,16578573762,0,0,487587840,254803968
update 50 percent,1763916992683,96.41,1751272914,16578573762,0,0,487587840,254803968
update 50 percent,1763917019252,96.41,1751272914,16578573762,0,0,488636416,254803968
update 50 percent,1763917045837,96.51,1751272914,16578573762,0,0,488636416,254803968
update 50 percent,1763917072430,96.27,1751272914,16578573762,0,0,489684992,255852544
update 50 percent,1763917099006,96.55,1751272914,16578573762,0,0,489684992,255852544
update 50 percent,1763917125589,96.9,1751272914,16578573762,0,0,489684992,255852544
update 50 percent,1763917152169,96.15,1751272914,16578573762,0,0,490733568,255852544
update 50 percent,1763917178761,96.22,1750199173,16578573762,0,0,490733568,256901120
update 50 percent,1763917205345,96.04,1751272914,16578573762,0,0,491782144,256901120
update 50 percent,1763917231933,97.21,1751272914,16578573762,0,0,491782144,256901120
update 50 percent,1763917258506,96.84,1751272914,16578573762,0,0,492830720,256901120
update 50 percent,1763917285077,97.07,1751272914,16578573762,0,0,492830720,256901120
update 50 percent,1763917311662,95.93,1751272914,16578573762,0,0,492830720,257949696
update 50 percent,1763917338258,95.72,1750199173,16578573762,0,0,493879296,257949696
update 50 percent,1763917365105,96.15,1751272914,16578573762,0,0,493879296,257949696
update 50 percent,1763917391688,95.78,1751272914,16578573762,0,0,494927872,257949696
update 50 percent,1763917418281,96.29,1751272914,16578573762,0,0,494927872,257949696
update 50 percent,1763917445157,96.82,1751272914,16578573762,0,0,495976448,258998272
update 50 percent,1763917471761,96.92,1751272914,16578573762,0,0,495976448,258998272
update 50 percent,1763917498352,96.18,1751272914,16578573762,0,0,495976448,258998272
update 50 percent,1763917525233,96.69,1751272914,16578573762,0,0,497025024,258998272
update 50 percent,1763917551824,96.36,1751272914,16578573762,0,0,497025024,258998272
update 50 percent,1763917578402,97.54,1751272914,16578573762,0,0,498073600,260046848
update 50 percent,1763917605280,96.74,1751272914,16578573762,0,0,498073600,260046848
update 50 percent,1763917631845,96.48,1751272914,16578573762,0,0,499122176,260046848
update 50 percent,1763917658411,96.53,1751272914,16578573762,0,0,499122176,260046848
update 50 percent,1763917685347,98.35,1751272914,16578573762,0,0,500170752,261095424
update 50 percent,1763917711912,96.46,1751272914,16578573762,0,0,500170752,261095424
update 50 percent,1763917738480,96.37,1751272914,16578573762,0,0,500170752,261095424
update 50 percent,1763917765427,96.33,1751272914,16578573762,0,0,501219328,261095424
update 50 percent,1763917791988,97.63,1751272914,16578573762,0,0,501219328,261095424
update 50 percent,1763917818556,96.37,1751272914,16578573762,0,0,502267904,262144000
update 50 percent,1763917845459,95.39,1751272914,16578573762,0,0,502267904,262144000
update 50 percent,1763917872039,96.52,1751272914,16578573762,0,0,503316480,262144000
update 50 percent,1763917898607,96.73,1751272914,16578573762,0,0,503316480,262144000
update 50 percent,1763917925498,97.67,1751272914,16578573762,0,0,503316480,263192576
update 50 percent,1763917952070,97.7,1751272914,16578573762,0,0,504365056,263192576
update 50 percent,1763917978641,96.82,1751272914,16578573762,0,0,504365056,263192576
update 50 percent,1763918005581,97.02,1746977947,16578573762,0,0,505413632,263192576
update 50 percent,1763918032149,96.61,1746977947,16578573762,0,0,505413632,263192576
update 50 percent,1763918058719,97.6,1745904205,16578573762,0,0,506462208,264241152
update 50 percent,1763918085639,96.7,1746977947,16578573762,0,0,506462208,264241152
update 50 percent,1763918112211,96.88,1745904205,16578573762,0,0,507510784,264241152
update 50 percent,1763918138772,96.32,1745904205,16578573762,0,0,507510784,264241152
update 50 percent,1763918165713,97.54,1745904205,16578573762,0,0,507510784,265289728
update 50 percent,1763918192273,96.63,1745904205,16578573762,0,0,508559360,265289728
update 50 percent,1763918218840,95.57,1746977947,16578573762,0,0,508559360,265289728
update 50 percent,1763918245768,96.71,1745904205,16578573762,0,0,509607936,265289728
update 50 percent,1763918272337,96.78,1745904205,16578573762,0,0,509607936,265289728
update 50 percent,1763918298904,97.23,1745904205,16578573762,0,0,510656512,266338304
update 50 percent,1763918325817,97.43,1745904205,16578573762,0,0,510656512,266338304
update 50 percent,1763918352386,97.13,1745904205,16578573762,0,0,511705088,266338304
update 50 percent,1763918378948,97.12,1745904205,16578573762,0,0,511705088,266338304
update 50 percent,1763918405872,97.48,1745904205,16578573762,0,0,511705088,266338304
update 50 percent,1763918432469,96.57,1746977947,16578573762,0,0,512753664,267386880
update 50 percent,1763918459051,96.87,1745904205,16578573762,0,0,512753664,267386880
update 50 percent,1763918485921,96.21,1745904205,16578573762,0,0,513802240,267386880
update 50 percent,1763918512491,97.22,1745904205,16578573762,0,0,513802240,267386880
update 50 percent,1763918539048,96.64,1745904205,16578573762,0,0,514850816,268435456
update 50 percent,1763918565988,96.26,1745904205,16578573762,0,0,514850816,268435456
update 50 percent,1763918592549,96.42,1745904205,16578573762,0,0,514850816,268435456
update 50 percent,1763918619110,96.58,1745904205,16578573762,0,0,515899392,268435456
update 50 percent,1763918646048,96.35,1745904205,16578573762,0,0,515899392,268435456
update 50 percent,1763918672607,97.28,1745904205,16578573762,0,0,516947968,269484032
update 50 percent,1763918699183,96.31,1745904205,16578573762,0,0,516947968,269484032
update 50 percent,1763918726099,96.54,1745904205,16578573762,0,0,517996544,269484032
update 50 percent,1763918752676,97.25,1745904205,16578573762,0,0,517996544,269484032
update 50 percent,1763918779243,97.02,1745904205,16578573762,0,0,519045120,269484032
update 50 percent,1763918806210,96.61,1746977947,16578573762,0,0,519045120,270532608
update 50 percent,1763918832777,97.68,1745904205,16578573762,0,0,519045120,270532608
update 50 percent,1763918859358,96.69,1745904205,16578573762,0,0,520093696,270532608
update 50 percent,1763918886234,96.27,1745904205,16578573762,0,0,520093696,270532608
update 50 percent,1763918912814,97.3,1745904205,16578573762,0,0,521142272,271581184
update 50 percent,1763918939391,97.24,1745904205,16578573762,0,0,521142272,271581184
update 50 percent,1763918966285,96.3,1745904205,16578573762,0,0,522190848,271581184
update 50 percent,1763918992844,97.13,1745904205,16578573762,0,0,522190848,271581184
update 50 percent,1763919019414,96.66,1745904205,16578573762,0,0,522190848,271581184
update 50 percent,1763919046379,96.79,1745904205,16578573762,0,0,523239424,272629760
update 50 percent,1763919072949,96.98,1745904205,16578573762,0,0,523239424,272629760
update 50 percent,1763919099515,96.74,1745904205,16578573762,0,0,524288000,272629760
update 50 percent,1763919126437,96.87,1745904205,16578573762,0,0,524288000,272629760
update 50 percent,1763919152993,96.38,1745904205,16578573762,0,0,525336576,272629760
update 50 percent,1763919179549,96.52,1745904205,16578573762,0,0,525336576,273678336
update 50 percent,1763919206499,96.94,1746977947,16578573762,0,0,526385152,273678336
delete 15 percent with friends,1763919233070,95.39,1745904205,16578573762,0,0,526385152,284164096
delete 15 percent with friends,1763919259641,95.43,1745904205,16578573762,0,0,526385152,284164096
delete 15 percent with friends,1763919286560,95.43,1745904205,16578573762,0,0,526385152,284164096
delete 15 percent with friends,1763919313126,94.61,1745904205,16578573762,0,0,526385152,284164096
delete 15 percent with friends,1763919339701,95.67,1745904205,16578573762,0,0,527433728,284164096
delete 15 percent with friends,1763919366639,95.25,1746977947,16578573762,0,0,527433728,285212672
delete 15 percent with friends,1763919393207,95.17,1746977947,16578573762,0,0,527433728,285212672
delete 15 percent with friends,1763919419765,95.36,1746977947,16578573762,0,0,527433728,285212672
delete 15 percent with friends,1763919446687,95.35,1746977947,16578573762,0,0,528482304,285212672
delete 15 percent with friends,1763919473263,96.39,1745904205,16578573762,0,0,528482304,285212672
delete 15 percent with friends,1763919499831,96.02,1745904205,16578573762,0,0,528482304,285212672
delete 15 percent with friends,1763919526777,95.61,1748051689,16578573762,0,0,528482304,285212672
delete 15 percent with friends,1763919553349,94.83,1746977947,16578573762,0,0,529530880,285212672
delete 15 percent with friends,1763919579915,95.11,1746977947,16578573762,0,0,529530880,286261248
delete 15 percent with friends,1763919606831,95.59,1746977947,16578573762,0,0,529530880,286261248
delete 15 percent with friends,1763919633401,94.69,1746977947,16578573762,0,0,529530880,286261248
delete 15 percent with friends,1763919659971,94.67,1746977947,16578573762,0,0,530579456,286261248
delete 15 percent with friends,1763919686882,95.45,1746977947,16578573762,0,0,530579456,286261248
delete 15 percent with friends,1763919713441,95.27,1746977947,16578573762,0,0,530579456,286261248
delete 15 percent with friends,1763919740030,94.77,1746977947,16578573762,0,0,530579456,286261248
delete 15 percent with friends,1763919766951,94.97,1746977947,16578573762,0,0,530579456,286261248
delete 15 percent with friends,1763919793545,95.76,1748051689,16578573762,0,0,531628032,287309824
delete 15 percent with friends,1763919820123,94.9,1746977947,16578573762,0,0,531628032,287309824
delete 15 percent with friends,1763919847018,94.89,1746977947,16578573762,0,0,531628032,287309824
delete 15 percent with friends,1763919873578,94.71,1748051689,16578573762,0,0,531628032,287309824
delete 15 percent with friends,1763919900137,95.59,1748051689,16578573762,0,0,532676608,287309824
delete 15 percent with friends,1763919927058,95.79,1746977947,16578573762,0,0,532676608,287309824
delete 15 percent with friends,1763919953616,94.18,1746977947,16578573762,0,0,532676608,287309824
delete 15 percent with friends,1763919980192,95.81,1746977947,16578573762,0,0,532676608,288358400
delete 15 percent with friends,1763920007139,94.67,1748051689,16578573762,0,0,533725184,288358400
delete 15 percent with friends,1763920033704,94.8,1746977947,16578573762,0,0,533725184,288358400
delete 15 percent with friends,1763920060275,94.42,1746977947,16578573762,0,0,533725184,288358400
delete 15 percent with friends,1763920087192,93.84,1746977947,16578573762,0,0,533725184,288358400
delete 15 percent with friends,1763920113760,94.53,1746977947,16578573762,0,0,533725184,288358400
delete 15 percent with friends,1763920140333,95.51,1746977947,16578573762,0,0,534773760,288358400
delete 15 percent with friends,1763920167274,95.19,1746977947,16578573762,0,0,534773760,288358400
delete 15 percent with friends,1763920193859,94.74,1748051689,16578573762,0,0,534773760,289406976
delete 15 percent with friends,1763920220426,94.02,1749125431,16578573762,0,0,534773760,289406976
delete 15 percent with friends,1763920247330,94.87,1749125431,16578573762,0,0,535822336,289406976
delete 15 percent with friends,1763920273896,96.7,1749125431,16578573762,0,0,535822336,289406976
delete 15 percent with friends,1763920300467,95.44,1749125431,16578573762,0,0,535822336,289406976
delete 15 percent with friends,1763920327393,95.23,1749125431,16578573762,0,0,535822336,289406976
delete 15 percent with friends,1763920353967,97.26,1749125431,16578573762,0,0,536870912,289406976
delete 15 percent with friends,1763920380529,95.21,1749125431,16578573762,0,0,536870912,289406976
delete 15 percent with friends,1763920407428,95.13,1749125431,16578573762,0,0,536870912,290455552
delete 15 percent with friends,1763920433988,95.56,1748051689,16578573762,0,0,536870912,290455552
delete 15 percent with friends,1763920460562,96.37,1749125431,16578573762,0,0,537919488,290455552
delete 15 percent with friends,1763920487514,97.93,1749125431,16578573762,0,0,537919488,290455552
delete 15 percent with friends,1763920514105,97.04,1749125431,16578573762,0,0,537919488,290455552
delete 15 percent with friends,1763920540690,95.67,1749125431,16578573762,0,0,537919488,290455552
delete 15 percent with friends,1763920567261,95.74,1749125431,16578573762,0,0,537919488,290455552
delete 15 percent with friends,1763920593823,95.12,1749125431,16578573762,0,0,538968064,291504128
delete 15 percent with friends,1763920620688,95.78,1749125431,16578573762,0,0,538968064,291504128
delete 15 percent with friends,1763920647249,95.11,1748051689,16578573762,0,0,538968064,291504128
delete 15 percent with friends,1763920673821,95.21,1749125431,16578573762,0,0,538968064,291504128
delete 15 percent with friends,1763920700725,94.95,1748051689,16578573762,0,0,540016640,291504128
delete 15 percent with friends,1763920727295,94.0,1749125431,16578573762,0,0,540016640,291504128
delete 15 percent with friends,1763920753858,94.78,1748051689,16578573762,0,0,540016640,291504128
delete 15 percent with friends,1763920780787,94.41,1748051689,16578573762,0,0,540016640,291504128
delete 15 percent with friends,1763920807351,95.03,1749125431,16578573762,0,0,541065216,292552704
delete 15 percent with friends,1763920833914,99.01,1749125431,16578573762,0,0,541065216,292552704
delete 15 percent with friends,1763920860825,95.75,1749125431,16578573762,0,0,541065216,292552704
delete 15 percent with friends,1763920887386,95.17,1749125431,16578573762,0,0,541065216,292552704
delete 15 percent with friends,1763920913954,96.3,1749125431,16578573762,0,0,542113792,292552704
delete 15 percent with friends,1763920940878,95.57,1749125431,16578573762,0,0,542113792,292552704
delete 15 percent with friends,1763920967437,95.65,1749125431,16578573762,0,0,542113792,292552704
delete 15 percent with friends,1763920994007,96.5,1749125431,16578573762,0,0,542113792,293601280
delete 15 percent with friends,1763921020941,94.3,1749125431,16578573762,0,0,543162368,293601280
delete 15 percent with friends,1763921047504,96.37,1749125431,16578573762,0,0,543162368,293601280
delete 15 percent with friends,1763921074068,97.97,1749125431,16578573762,0,0,543162368,293601280
delete 15 percent with friends,1763921101016,93.96,1748051689,16578573762,0,0,543162368,293601280
delete 15 percent with friends,1763921127589,94.1,1760936591,16578573762,0,0,543162368,293601280
delete 15 percent with friends,1763921154169,96.05,1760936591,16578573762,0,0,544210944,293601280
delete 15 percent with friends,1763921181063,94.69,1760936591,16578573762,0,0,544210944,293601280
delete 15 percent with friends,1763921207639,94.37,1760936591,16578573762,0,0,544210944,294649856
delete 15 percent with friends,1763921234210,98.24,1759862849,16578573762,0,0,544210944,294649856
delete 15 percent with friends,1763921261145,94.56,1759862849,16578573762,0,0,545259520,294649856
delete 15 percent with friends,1763921287726,95.86,1759862849,16578573762,0,0,545259520,294649856
delete 15 percent with friends,1763921314300,96.06,1760936591,16578573762,0,0,545259520,294649856
delete 15 percent with friends,1763921341201,94.69,1760936591,16578573762,0,0,545259520,294649856
delete 15 percent with friends,1763921367777,94.82,1760936591,16578573762,0,0,546308096,294649856
delete 15 percent with friends,1763921394346,95.51,1762010333,16578573762,0,0,546308096,295698432
delete 15 percent with friends,1763921421292,94.82,1760936591,16578573762,0,0,546308096,295698432
delete 15 percent with friends,1763921447866,94.9,1762010333,16578573762,0,0,546308096,295698432
delete 15 percent with friends,1763921474428,97.21,1762010333,16578573762,0,0,547356672,295698432
delete 15 percent with friends,1763921501332,95.71,1760936591,16578573762,0,0,547356672,295698432
delete 15 percent with friends,1763921527898,96.32,1760936591,16578573762,0,0,547356672,295698432
delete 15 percent with friends,1763921554463,94.92,1762010333,16578573762,0,0,547356672,295698432
delete 15 percent with friends,1763921581365,95.0,1760936591,16578573762,0,0,548405248,295698432
delete 15 percent with friends,1763921607940,95.34,1760936591,16578573762,0,0,548405248,296747008
delete 15 percent with friends,1763921634506,95.57,1760936591,16578573762,0,0,548405248,296747008
delete 15 percent with friends,1763921661454,94.58,1760936591,16578573762,0,0,548405248,296747008
delete 15 percent with friends,1763921688024,94.95,1760936591,16578573762,0,0,549453824,296747008
delete 15 percent with friends,1763921714596,97.17,1760936591,16578573762,0,0,549453824,296747008
delete 15 percent with friends,1763921741512,94.89,1760936591,16578573762,0,0,549453824,296747008
delete 15 percent with friends,1763921768089,95.13,1760936591,16578573762,0,0,549453824,296747008
delete 15 percent with friends,1763921794660,95.91,1760936591,16578573762,0,0,550502400,297795584
delete 15 percent with friends,1763921821576,94.89,1760936591,16578573762,0,0,550502400,297795584
delete 15 percent with friends,1763921848155,95.22,1760936591,16578573762,0,0,550502400,297795584
delete 15 percent with friends,1763921874739,95.27,1760936591,16578573762,0,0,550502400,297795584
delete 15 percent with friends,1763921901638,94.53,1760936591,16578573762,0,0,551550976,297795584
delete 15 percent with friends,1763921928216,95.95,1760936591,16578573762,0,0,551550976,297795584
delete 15 percent with friends,1763921954788,96.93,1760936591,16578573762,0,0,551550976,297795584
delete 15 percent with friends,1763921981703,95.36,1760936591,16578573762,0,0,551550976,297795584
delete 15 percent with friends,1763922008274,96.06,1760936591,16578573762,0,0,551550976,298844160
delete 15 percent with friends,1763922034851,95.71,1760936591,16578573762,0,0,552599552,298844160
delete 15 percent with friends,1763922061764,95.23,1760936591,16578573762,0,0,552599552,298844160
delete 15 percent with friends,1763922088330,94.1,1760936591,16578573762,0,0,552599552,298844160
delete 15 percent with friends,1763922114907,97.32,1760936591,16578573762,0,0,552599552,298844160
delete 15 percent with friends,1763922141865,96.07,1760936591,16578573762,0,0,553648128,298844160
delete 15 percent with friends,1763922168449,94.27,1760936591,16578573762,0,0,553648128,298844160
delete 15 percent with friends,1763922195025,95.73,1760936591,16578573762,0,0,553648128,299892736
delete 15 percent with friends,1763922221919,93.59,1760936591,16578573762,0,0,553648128,299892736
delete 15 percent with friends,1763922248489,95.67,1760936591,16578573762,0,0,554696704,299892736
delete 15 percent with friends,1763922275054,94.39,1760936591,16578573762,0,0,554696704,299892736
delete 15 percent with friends,1763922301977,96.4,1760936591,16578573762,0,0,554696704,299892736
delete 15 percent with friends,1763922328555,95.22,1760936591,16578573762,0,0,554696704,299892736
delete 15 percent with friends,1763922355132,95.34,1760936591,16578573762,0,0,555745280,299892736
delete 15 percent with friends,1763922382057,94.6,1760936591,16578573762,0,0,555745280,300941312
delete 15 percent with friends,1763922408631,94.32,1762010333,16578573762,0,0,555745280,300941312
delete 15 percent with friends,1763922435197,95.32,1760936591,16578573762,0,0,555745280,300941312
delete 15 percent with friends,1763922462181,95.79,1760936591,16578573762,0,0,556793856,300941312
delete 15 percent with friends,1763922488763,97.46,1760936591,16578573762,0,0,556793856,300941312
delete 15 percent with friends,1763922515338,95.56,1762010333,16578573762,0,0,556793856,300941312
delete 15 percent with friends,1763922542205,92.37,1762010333,16578573762,0,0,556793856,300941312
delete 15 percent with friends,1763922568788,95.61,1762010333,16578573762,0,0,557842432,300941312
delete 15 percent with friends,1763922595360,96.8,1762010333,16578573762,0,0,557842432,301989888
delete 15 percent with friends,1763922622285,95.18,1762010333,16578573762,0,0,557842432,301989888
delete 15 percent with friends,1763922648849,95.46,1762010333,16578573762,0,0,557842432,301989888
delete 15 percent with friends,1763922675418,95.03,1762010333,16578573762,0,0,558891008,301989888
delete 15 percent with friends,1763922702350,95.13,1762010333,16578573762,0,0,558891008,301989888
delete 15 percent with friends,1763922728912,94.96,1762010333,16578573762,0,0,558891008,301989888
delete 15 percent with friends,1763922755483,94.54,1762010333,16578573762,0,0,558891008,301989888
delete 15 percent with friends,1763922782418,94.96,1762010333,16578573762,0,0,559939584,303038464
delete 15 percent with friends,1763922808994,95.46,1762010333,16578573762,0,0,559939584,303038464
delete 15 percent with friends,1763922835574,94.63,1762010333,16578573762,0,0,559939584,303038464
delete 15 percent with friends,1763922862487,95.37,1760936591,16578573762,0,0,559939584,303038464
delete 15 percent with friends,1763922889069,95.96,1762010333,16578573762,0,0,560988160,303038464
delete 15 percent with friends,1763922915634,95.52,1760936591,16578573762,0,0,560988160,303038464
delete 15 percent with friends,1763922942529,95.14,1762010333,16578573762,0,0,560988160,303038464
delete 15 percent with friends,1763922969105,97.45,1762010333,16578573762,0,0,560988160,304087040
delete 15 percent with friends,1763922995673,94.26,1763084075,16578573762,0,0,562036736,304087040
delete 15 percent with friends,1763923022593,95.34,1763084075,16578573762,0,0,562036736,304087040
delete 15 percent with friends,1763923049164,95.67,1763084075,16578573762,0,0,562036736,304087040
delete 15 percent with friends,1763923075744,94.23,1763084075,16578573762,0,0,562036736,304087040
delete 15 percent with friends,1763923102647,94.67,1763084075,16578573762,0,0,563085312,304087040
delete 15 percent with friends,1763923129225,93.89,1765231558,16578573762,0,0,563085312,304087040
delete 15 percent with friends,1763923155797,94.67,1764157816,16578573762,0,0,563085312,305135616
delete 15 percent with friends,1763923182686,95.69,1764157816,16578573762,0,0,563085312,305135616
delete 15 percent with friends,1763923209270,96.43,1765231558,16578573762,0,0,564133888,305135616
delete 15 percent with friends,1763923235840,94.91,1765231558,16578573762,0,0,564133888,305135616
delete 15 percent with friends,1763923262742,93.8,1764157816,16578573762,0,0,564133888,305135616
delete 15 percent with friends,1763923289325,95.01,1764157816,16578573762,0,0,564133888,305135616
delete 15 percent with friends,1763923315887,93.84,1764157816,16578573762,0,0,565182464,305135616
delete 15 percent with friends,1763923342815,94.47,1764157816,16578573762,0,0,565182464,306184192
delete 15 percent with friends,1763923369391,95.01,1764157816,16578573762,0,0,565182464,306184192
delete 15 percent with friends,1763923395960,95.92,1764157816,16578573762,0,0,565182464,306184192
delete 15 percent with friends,1763923422858,94.69,1765231558,16578573762,0,0,566231040,306184192
delete 15 percent with friends,1763923449435,94.18,1764157816,16578573762,0,0,566231040,306184192
delete 15 percent with friends,1763923476002,94.13,1765231558,16578573762,0,0,566231040,306184192
delete 15 percent with friends,1763923502947,93.55,1764157816,16578573762,0,0,566231040,306184192
delete 15 percent with friends,1763923529526,95.55,1764157816,16578573762,0,0,567279616,306184192
delete 15 percent with friends,1763923556108,95.74,1764157816,16578573762,0,0,567279616,307232768
delete 15 percent with friends,1763923582988,96.86,1766305300,16578573762,0,0,567279616,307232768
delete 15 percent with friends,1763923609561,93.7,1767379042,16578573762,0,0,567279616,307232768
delete 15 percent with friends,1763923636129,94.12,1766305300,16578573762,0,0,568328192,307232768
delete 15 percent with friends,1763923663123,94.53,1766305300,16578573762,0,0,568328192,307232768
delete 15 percent with friends,1763923689699,97.87,1766305300,16578573762,0,0,568328192,307232768
delete 15 percent with friends,1763923716268,95.35,1766305300,16578573762,0,0,568328192,307232768
delete 15 percent with friends,1763923743130,95.37,1766305300,16578573762,0,0,569376768,308281344
delete 15 percent with friends,1763923769716,95.12,1766305300,16578573762,0,0,569376768,308281344
delete 15 percent with friends,1763923796285,94.27,1766305300,16578573762,0,0,569376768,308281344
delete 15 percent with friends,1763923823179,94.32,1766305300,16578573762,0,0,569376768,308281344
delete 15 percent with friends,1763923849745,95.57,1765231558,16578573762,0,0,570425344,308281344
delete 15 percent with friends,1763923876326,95.55,1766305300,16578573762,0,0,570425344,308281344
delete 15 percent with friends,1763923903237,96.16,1766305300,16578573762,0,0,570425344,308281344
delete 15 percent with friends,1763923929809,96.47,1766305300,16578573762,0,0,570425344,309329920
delete 15 percent with friends,1763923956375,94.02,1766305300,16578573762,0,0,571473920,309329920
delete 15 percent with friends,1763923983291,94.87,1766305300,16578573762,0,0,571473920,309329920
delete 15 percent with friends,1763924009865,96.09,1766305300,16578573762,0,0,571473920,309329920
delete 15 percent with friends,1763924036441,94.32,1766305300,16578573762,0,0,571473920,309329920
delete 15 percent with friends,1763924063360,95.47,1766305300,16578573762,0,0,572522496,309329920
delete 15 percent with friends,1763924089929,95.52,1766305300,16578573762,0,0,572522496,309329920
delete 15 percent with friends,1763924116506,95.27,1766305300,16578573762,0,0,572522496,310378496
delete 15 percent with friends,1763924143437,96.07,1766305300,16578573762,0,0,573571072,310378496
delete 15 percent with friends,1763924170012,98.45,1766305300,16578573762,0,0,573571072,310378496
delete 15 percent with friends,1763924196584,95.83,1766305300,16578573762,0,0,573571072,310378496
delete 15 percent with friends,1763924223488,94.49,1766305300,16578573762,0,0,573571072,310378496
delete 15 percent with friends,1763924250061,96.81,1766305300,16578573762,0,0,574619648,310378496
delete 15 percent with friends,1763924276641,96.92,1766305300,16578573762,0,0,574619648,310378496
delete 15 percent with friends,1763924303585,93.47,1766305300,16578573762,0,0,574619648,311427072
delete 15 percent with friends,1763924330164,95.89,1766305300,16578573762,0,0,574619648,311427072
delete 15 percent with friends,1763924356728,93.54,1766305300,16578573762,0,0,575668224,311427072
delete 15 percent with friends,1763924383640,95.0,1766305300,16578573762,0,0,575668224,311427072
delete 15 percent with friends,1763924410214,94.9,1766305300,16578573762,0,0,575668224,311427072
delete 15 percent with friends,1763924436786,94.98,1766305300,16578573762,0,0,575668224,311427072
delete 15 percent with friends,1763924463685,96.75,1766305300,16578573762,0,0,576716800,311427072
delete 15 percent with friends,1763924490253,93.84,1766305300,16578573762,0,0,576716800,312475648
delete 15 percent with friends,1763924516827,96.48,1766305300,16578573762,0,0,576716800,312475648
delete 15 percent with friends,1763924543750,93.81,1766305300,16578573762,0,0,576716800,312475648
delete 15 percent with friends,1763924570327,95.11,1766305300,16578573762,0,0,577765376,312475648
delete 15 percent with friends,1763924596902,96.54,1766305300,16578573762,0,0,577765376,312475648
delete 15 percent with friends,1763924623803,95.43,1766305300,16578573762,0,0,577765376,312475648
delete 15 percent with friends,1763924650371,96.18,1766305300,16578573762,0,0,577765376,312475648
delete 15 percent with friends,1763924676943,94.27,1766305300,16578573762,0,0,578813952,313524224
delete 15 percent with friends,1763924703879,94.0,1766305300,16578573762,0,0,578813952,313524224
delete 15 percent with friends,1763924730458,94.76,1766305300,16578573762,0,0,578813952,313524224
delete 15 percent with friends,1763924757025,94.69,1765231558,16578573762,0,0,578813952,313524224
delete 15 percent with friends,1763924783936,95.53,1766305300,16578573762,0,0,579862528,313524224
delete 15 percent with friends,1763924810518,95.53,1766305300,16578573762,0,0,579862528,313524224
delete 15 percent with friends,1763924837101,94.75,1766305300,16578573762,0,0,579862528,313524224
delete 15 percent with friends,1763924864012,95.95,1766305300,16578573762,0,0,580911104,314572800
delete 15 percent with friends,1763924890582,95.35,1766305300,16578573762,0,0,580911104,314572800
delete 15 percent with friends,1763924917162,96.29,1766305300,16578573762,0,0,580911104,314572800
delete 15 percent with friends,1763924944109,94.06,1766305300,16578573762,0,0,580911104,314572800
delete 15 percent with friends,1763924970686,95.29,1766305300,16578573762,0,0,581959680,314572800
delete 15 percent with friends,1763924997271,94.02,1766305300,16578573762,0,0,581959680,314572800
delete 15 percent with friends,1763925024173,94.97,1766305300,16578573762,0,0,581959680,315621376
delete 15 percent with friends,1763925050745,95.68,1766305300,16578573762,0,0,581959680,315621376
delete 15 percent with friends,1763925077321,97.43,1766305300,16578573762,0,0,583008256,315621376
delete 15 percent with friends,1763925104189,95.5,1766305300,16578573762,0,0,583008256,315621376
delete 15 percent with friends,1763925130753,95.04,1766305300,16578573762,0,0,583008256,315621376
delete 15 percent with friends,1763925157314,96.77,1766305300,16578573762,0,0,583008256,315621376
delete 15 percent with friends,1763925184253,93.91,1766305300,16578573762,0,0,584056832,315621376
delete 15 percent with friends,1763925210820,95.43,1766305300,16578573762,0,0,584056832,316669952
delete 15 percent with friends,1763925237403,95.71,1766305300,16578573762,0,0,584056832,316669952
delete 15 percent with friends,1763925264305,95.77,1766305300,16578573762,0,0,584056832,316669952
delete 15 percent with friends,1763925290878,95.07,1765231558,16578573762,0,0,585105408,316669952
delete 15 percent with friends,1763925317442,97.12,1765231558,16578573762,0,0,585105408,316669952
delete 15 percent with friends,1763925344394,96.62,1766305300,16578573762,0,0,585105408,316669952
delete 15 percent with friends,1763925370954,95.35,1766305300,16578573762,0,0,586153984,316669952
delete 15 percent with friends,1763925397520,97.01,1765231558,16578573762,0,0,586153984,317718528
delete 15 percent with friends,1763925424458,95.41,1765231558,16578573762,0,0,586153984,317718528
delete 15 percent with friends,1763925451028,94.28,1765231558,16578573762,0,0,586153984,317718528
delete 15 percent with friends,1763925477600,92.61,1765231558,16578573762,0,0,587202560,317718528
delete 15 percent with friends,1763925504531,95.58,1765231558,16578573762,0,0,587202560,317718528
delete 15 percent with friends,1763925531118,93.28,1765231558,16578573762,0,0,587202560,317718528
delete 15 percent with friends,1763925557700,96.4,1765231558,16578573762,0,0,587202560,317718528
delete 15 percent with friends,1763925584618,98.88,1765231558,16578573762,0,0,588251136,318767104
delete 15 percent with friends,1763925611190,96.47,1765231558,16578573762,0,0,588251136,318767104
delete 15 percent with friends,1763925637762,95.74,1766305300,16578573762,0,0,588251136,318767104
delete 15 percent with friends,1763925664663,96.9,1765231558,16578573762,0,0,588251136,318767104
delete 15 percent with friends,1763925691233,94.59,1766305300,16578573762,0,0,589299712,318767104
delete 15 percent with friends,1763925717809,95.43,1766305300,16578573762,0,0,589299712,318767104
delete 15 percent with friends,1763925744735,96.57,1765231558,16578573762,0,0,589299712,318767104
delete 15 percent with friends,1763925771311,95.52,1765231558,16578573762,0,0,590348288,319815680
delete 15 percent with friends,1763925797872,96.0,1765231558,16578573762,0,0,590348288,319815680
delete 15 percent with friends,1763925824787,96.41,1765231558,16578573762,0,0,590348288,319815680
delete 15 percent with friends,1763925851357,94.13,1765231558,16578573762,0,0,590348288,319815680
delete 15 percent with friends,1763925877939,94.93,1765231558,16578573762,0,0,591396864,319815680
delete 15 percent with friends,1763925904828,95.72,1765231558,16578573762,0,0,591396864,319815680
delete 15 percent with friends,1763925931412,96.16,1765231558,16578573762,0,0,591396864,320864256
delete 15 percent with friends,1763925957970,95.56,1765231558,16578573762,0,0,591396864,320864256
delete 15 percent with friends,1763925984893,96.26,1765231558,16578573762,0,0,592445440,320864256
delete 15 percent with friends,1763926011456,95.15,1765231558,16578573762,0,0,592445440,320864256
delete 15 percent with friends,1763926038022,95.11,1765231558,16578573762,0,0,592445440,320864256
delete 15 percent with friends,1763926064956,99.17,1765231558,16578573762,0,0,592445440,320864256
delete 15 percent with friends,1763926091526,94.83,1765231558,16578573762,0,0,593494016,320864256
delete 15 percent with friends,1763926118086,95.78,1765231558,16578573762,0,0,593494016,321912832
delete 15 percent with friends,1763926145027,95.56,1765231558,16578573762,0,0,593494016,321912832
delete 15 percent with friends,1763926171598,95.59,1765231558,16578573762,0,0,594542592,321912832
delete 15 percent with friends,1763926198171,95.28,1765231558,16578573762,0,0,594542592,321912832
delete 15 percent with friends,1763926225118,99.8,1766305300,16578573762,0,0,594542592,321912832
delete 15 percent with friends,1763926251692,94.27,1765231558,16578573762,0,0,594542592,321912832
delete 15 percent with friends,1763926278262,95.26,1765231558,16578573762,0,0,595591168,321912832
delete 15 percent with friends,1763926305299,96.42,1766305300,16578573762,0,0,595591168,322961408
delete 15 percent with friends,1763926331950,95.8,1765231558,16578573762,0,0,595591168,322961408
delete 15 percent with friends,1763926358582,97.99,1766305300,16578573762,0,0,595591168,322961408
delete 15 percent with friends,1763926385390,94.75,1765231558,16578573762,0,0,595591168,322961408
delete 15 percent with friends,1763926412035,93.33,1765231558,16578573762,0,0,595591168,322961408
delete 15 percent with friends,1763926438680,95.5,1766305300,16578573762,0,0,595591168,322961408
delete 15 percent with friends,1763926465432,93.37,1766305300,16578573762,0,0,596639744,322961408
delete 15 percent with friends,1763926492086,93.4,1766305300,16578573762,0,0,596639744,322961408
delete 15 percent with friends,1763926518744,95.53,1765231558,16578573762,0,0,596639744,322961408
delete 15 percent with friends,1763926545509,98.05,1765231558,16578573762,0,0,596639744,322961408
delete 15 percent with friends,1763926572146,95.96,1767379042,16578573762,0,0,596639744,322961408
delete 15 percent with friends,1763926598776,94.43,1767379042,16578573762,0,0,596639744,322961408
delete 15 percent with friends,1763926625577,95.86,1767379042,16578573762,0,0,596639744,324009984
delete 15 percent with friends,1763926652193,94.26,1767379042,16578573762,0,0,597688320,324009984
delete 15 percent with friends,1763926678753,95.93,1767379042,16578573762,0,0,597688320,324009984
delete 15 percent with friends,1763926705500,94.66,1767379042,16578573762,0,0,597688320,324009984
delete 15 percent with friends,1763926732063,95.63,1768452784,16578573762,0,0,597688320,324009984
delete 15 percent with friends,1763926758633,95.41,1768452784,16578573762,0,0,598736896,324009984
delete 15 percent with friends,1763926785553,98.56,1768452784,16578573762,0,0,598736896,324009984
delete 15 percent with friends,1763926812122,95.71,1768452784,16578573762,0,0,598736896,324009984
delete 15 percent with friends,1763926838683,96.0,1768452784,16578573762,0,0,598736896,325058560
delete 15 percent with friends,1763926865617,95.65,1768452784,16578573762,0,0,599785472,325058560
delete 15 percent with friends,1763926892203,95.45,1768452784,16578573762,0,0,599785472,325058560
delete 15 percent with friends,1763926918792,92.95,1768452784,16578573762,0,0,599785472,325058560
delete 15 percent with friends,1763926945707,96.16,1768452784,16578573762,0,0,600834048,325058560
delete 15 percent with friends,1763926972266,96.33,1768452784,16578573762,0,0,600834048,325058560
delete 15 percent with friends,1763926998836,95.36,1768452784,16578573762,0,0,600834048,326107136
delete 15 percent with friends,1763927025740,99.1,1768452784,16578573762,0,0,600834048,326107136
delete 15 percent with friends,1763927052315,95.93,1768452784,16578573762,0,0,601882624,326107136
delete 15 percent with friends,1763927078895,96.18,1768452784,16578573762,0,0,601882624,326107136
delete 15 percent with friends,1763927105806,95.68,1768452784,16578573762,0,0,601882624,326107136
delete 15 percent with friends,1763927132380,96.31,1767379042,16578573762,0,0,601882624,326107136
delete 15 percent with friends,1763927158947,97.03,1768452784,16578573762,0,0,602931200,326107136
delete 15 percent with friends,1763927185866,96.18,1768452784,16578573762,0,0,602931200,327155712
delete 15 percent with friends,1763927212466,94.95,1768452784,16578573762,0,0,602931200,327155712
delete 15 percent with friends,1763927239047,96.43,1768452784,16578573762,0,0,603979776,327155712
delete 15 percent with friends,1763927265924,95.34,1768452784,16578573762,0,0,603979776,327155712
delete 15 percent with friends,1763927292492,95.88,1768452784,16578573762,0,0,603979776,327155712
delete 15 percent with friends,1763927319062,96.54,1768452784,16578573762,0,0,603979776,327155712
delete 15 percent with friends,1763927346004,96.37,1768452784,16578573762,0,0,605028352,328204288
delete 15 percent with friends,1763927372565,95.86,1768452784,16578573762,0,0,605028352,328204288
delete 15 percent with friends,1763927399129,95.25,1768452784,16578573762,0,0,605028352,328204288
delete 15 percent with friends,1763927426060,96.51,1768452784,16578573762,0,0,605028352,328204288
delete 15 percent with friends,1763927452632,96.0,1768452784,16578573762,0,0,606076928,328204288
delete 15 percent with friends,1763927479196,95.58,1768452784,16578573762,0,0,606076928,328204288
delete 15 percent with friends,1763927506129,95.77,1768452784,16578573762,0,0,606076928,328204288
delete 15 percent with friends,1763927532689,95.88,1768452784,16578573762,0,0,607125504,329252864
delete 15 percent with friends,1763927559264,95.5,1768452784,16578573762,0,0,607125504,329252864
delete 15 percent with friends,1763927586163,96.22,1768452784,16578573762,0,0,607125504,329252864
delete 15 percent with friends,1763927612754,96.1,1768452784,16578573762,0,0,607125504,329252864
delete 15 percent with friends,1763927639320,96.44,1768452784,16578573762,0,0,608174080,329252864
delete 15 percent with friends,1763927666229,94.41,1768452784,16578573762,0,0,608174080,329252864
delete 15 percent with friends,1763927692811,95.47,1768452784,16578573762,0,0,608174080,330301440
